"1","2","quibusdam","https://picsum.photos/id/336/400/300","cum","2001-12-14T01:03:52.000000Z","2006-04-29T19:08:35.000000Z","","1"
"2","3","exercitationem","https://picsum.photos/id/716/400/300","fugit","2020-03-05T10:47:16.000000Z","1976-04-27T07:31:29.000000Z","","2"
"3","4","aut","https://picsum.photos/id/635/400/300","illum","2007-12-31T01:59:26.000000Z","2011-01-19T01:05:06.000000Z","","3"
"4","5","quos","https://picsum.photos/id/149/400/300","quis","1984-05-31T23:38:44.000000Z","1980-11-19T13:24:30.000000Z","","4"
"5","6","in","https://picsum.photos/id/834/400/300","cum","2013-06-17T03:48:54.000000Z","1988-11-06T10:55:09.000000Z","","5"
"6","7","vel","https://picsum.photos/id/432/400/300","laudantium","1987-06-10T20:44:17.000000Z","1990-01-25T01:06:29.000000Z","","6"
"7","8","quidem","https://picsum.photos/id/904/400/300","culpa","1991-11-11T02:34:17.000000Z","2010-05-30T15:03:57.000000Z","","7"
"8","9","quo","https://picsum.photos/id/829/400/300","a","1988-01-19T07:10:16.000000Z","2005-01-24T03:24:20.000000Z","","8"
"9","10","ea","https://picsum.photos/id/101/400/300","quam","2015-04-18T17:54:13.000000Z","2000-11-27T10:16:16.000000Z","","9"
"10","11","maiores","https://picsum.photos/id/479/400/300","aperiam","1971-02-07T23:41:59.000000Z","1982-09-21T12:47:38.000000Z","","10"
