1,Wade,possimus-eveniet-aut-est-eius-mollitia-ducimus,2,2020-09-29 11:09:51,2020-09-29 11:09:51
2,Diana,expedita-vero-qui-aliquam-omnis,4,2020-09-29 11:09:51,2020-09-29 11:09:51
3,Richie,veritatis-veritatis-ad-ea-eaque-corrupti-facere,9,2020-09-29 11:09:51,2020-09-29 11:09:51
4,Jolie,harum-quos-eaque-et-occaecati-consequatur-sunt,1,2020-09-29 11:09:51,2020-09-29 11:09:51
5,Serena,occaecati-et-libero-deserunt-sunt-velit-id,5,2020-09-29 11:09:51,2020-09-29 11:09:51
6,Vernie,ex-mollitia-natus-animi-quidem-molestiae-eaque-sapiente,10,2020-09-29 11:09:51,2020-09-29 11:09:51
7,Karelle,excepturi-provident-quisquam-voluptas-dolorem,3,2020-09-29 11:09:51,2020-09-29 11:09:51
8,Alycia,ea-veritatis-sapiente-omnis-rem-nemo,6,2020-09-29 11:09:51,2020-09-29 11:09:51
9,Geo,sunt-sunt-nulla-illum-non-eos,8,2020-09-29 11:09:51,2020-09-29 11:09:51
10,Francesca,voluptates-exercitationem-maxime-reprehenderit-dolor-rerum-harum-praesentium,7,2020-09-29 11:09:51,2020-09-29 11:09:51
