1,2,"Indeed, she had hoped) a fan and gloves. 'How.",App\Models\Design,4,2020-09-29 11:09:51,2020-09-29 11:09:51
2,1,"Mouse with an important air, 'are you all ready?.",App\Models\Design,3,2020-09-29 11:09:51,2020-09-29 11:09:51
3,5,There was no longer to be true): If she should.,App\Models\Design,3,2020-09-29 11:09:51,2020-09-29 11:09:51
4,1,"Dormouse turned out, and, by the hedge!' then.",App\Models\Design,1,2020-09-29 11:09:51,2020-09-29 11:09:51
5,1,"Alice. It looked good-natured, she thought.",App\Models\Design,1,2020-09-29 11:09:51,2020-09-29 11:09:51
6,2,Pennyworth only of beautiful Soup? Pennyworth.,App\Models\Design,3,2020-09-29 11:09:51,2020-09-29 11:09:51
7,7,"Alice went on, without attending to her; 'but.",App\Models\Design,4,2020-09-29 11:09:51,2020-09-29 11:09:51
8,4,French and music.' 'And washing?' said the King.,App\Models\Design,6,2020-09-29 11:09:51,2020-09-29 11:09:51
9,1,"However, she got to the Classics master, though.",App\Models\Design,6,2020-09-29 11:09:51,2020-09-29 11:09:51
10,5,Gryphon. 'Turn a somersault in the trial one way.,App\Models\Design,10,2020-09-29 11:09:51,2020-09-29 11:09:51
11,2,"On which Seven looked up and to hear it say, as.",App\Models\Design,2,2020-09-29 11:09:51,2020-09-29 11:09:51
12,3,"So they got settled down again, the Dodo.",App\Models\Design,7,2020-09-29 11:09:51,2020-09-29 11:09:51
13,7,"Majesty,' the Hatter and the little golden key.",App\Models\Design,1,2020-09-29 11:09:51,2020-09-29 11:09:51
14,10,Gryphon. 'It's all her coaxing. Hardly knowing.,App\Models\Design,9,2020-09-29 11:09:51,2020-09-29 11:09:51
15,5,English!' said the Caterpillar seemed to follow.,App\Models\Design,7,2020-09-29 11:09:51,2020-09-29 11:09:51
16,3,"Mock Turtle to sing ""Twinkle, twinkle, little.",App\Models\Design,9,2020-09-29 11:09:51,2020-09-29 11:09:51
17,3,"That'll be a footman because he taught us,' said.",App\Models\Design,3,2020-09-29 11:09:51,2020-09-29 11:09:51
18,4,"Alice went on all the while, and fighting for.",App\Models\Design,8,2020-09-29 11:09:51,2020-09-29 11:09:51
19,2,"I've fallen by this time, as it was her dream.",App\Models\Design,7,2020-09-29 11:09:51,2020-09-29 11:09:51
20,6,"Mock Turtle sang this, very slowly and sadly.",App\Models\Design,4,2020-09-29 11:09:51,2020-09-29 11:09:51
